Domain Code,Domain,Area Code (M49),Area,Element Code,Element,Item Code (CPC),Item,Year Code,Year,Unit,Value,Flag,Flag Description,Note
"QCL","Crops and livestock products","250","France","5312","Area harvested","0115","Barley","2014","2014","ha","1764346","A","Official value",""
"QCL","Crops and livestock products","250","France","5412","Yield","0115","Barley","2014","2014","kg/ha","6647.5","A","Official value",""
"QCL","Crops and livestock products","250","France","5510","Production","0115","Barley","2014","2014","t","11728556","A","Official value",""
"QCL","Crops and livestock products","250","France","5312","Area harvested","0115","Barley","2015","2015","ha","1838689","A","Official value",""
"QCL","Crops and livestock products","250","France","5412","Yield","0115","Barley","2015","2015","kg/ha","7123.7","A","Official value",""
"QCL","Crops and livestock products","250","France","5510","Production","0115","Barley","2015","2015","t","13098233.9","A","Official value",""
"QCL","Crops and livestock products","250","France","5312","Area harvested","0115","Barley","2016","2016","ha","1917549","A","Official value",""
"QCL","Crops and livestock products","250","France","5412","Yield","0115","Barley","2016","2016","kg/ha","5444","A","Official value",""
"QCL","Crops and livestock products","250","France","5510","Production","0115","Barley","2016","2016","t","10439229","A","Official value",""
"QCL","Crops and livestock products","250","France","5312","Area harvested","0115","Barley","2017","2017","ha","1904872","A","Official value",""
"QCL","Crops and livestock products","250","France","5412","Yield","0115","Barley","2017","2017","kg/ha","6345.2","A","Official value",""
"QCL","Crops and livestock products","250","France","5510","Production","0115","Barley","2017","2017","t","12086796","A","Official value",""
"QCL","Crops and livestock products","250","France","5312","Area harvested","0115","Barley","2018","2018","ha","1767970","A","Official value",""
"QCL","Crops and livestock products","250","France","5412","Yield","0115","Barley","2018","2018","kg/ha","6246","A","Official value",""
"QCL","Crops and livestock products","250","France","5510","Production","0115","Barley","2018","2018","t","11042820","A","Official value",""
"QCL","Crops and livestock products","250","France","5312","Area harvested","0115","Barley","2019","2019","ha","1944190","A","Official value",""
"QCL","Crops and livestock products","250","France","5412","Yield","0115","Barley","2019","2019","kg/ha","6977.4","A","Official value",""
"QCL","Crops and livestock products","250","France","5510","Production","0115","Barley","2019","2019","t","13565420","A","Official value",""
"QCL","Crops and livestock products","250","France","5312","Area harvested","0115","Barley","2020","2020","ha","1974160","A","Official value",""
"QCL","Crops and livestock products","250","France","5412","Yield","0115","Barley","2020","2020","kg/ha","5205.9","A","Official value",""
"QCL","Crops and livestock products","250","France","5510","Production","0115","Barley","2020","2020","t","10277230","A","Official value",""
"QCL","Crops and livestock products","250","France","5312","Area harvested","0115","Barley","2021","2021","ha","1730370","A","Official value",""
"QCL","Crops and livestock products","250","France","5412","Yield","0115","Barley","2021","2021","kg/ha","6542.7","A","Official value",""
"QCL","Crops and livestock products","250","France","5510","Production","0115","Barley","2021","2021","t","11321320","A","Official value",""
"QCL","Crops and livestock products","250","France","5312","Area harvested","0115","Barley","2022","2022","ha","1866520","A","Official value",""
"QCL","Crops and livestock products","250","France","5412","Yield","0115","Barley","2022","2022","kg/ha","6046.2","A","Official value",""
"QCL","Crops and livestock products","250","France","5510","Production","0115","Barley","2022","2022","t","11285440","A","Official value",""
"QCL","Crops and livestock products","250","France","5312","Area harvested","0115","Barley","2023","2023","ha","1815490","A","Official value",""
"QCL","Crops and livestock products","250","France","5412","Yield","0115","Barley","2023","2023","kg/ha","6688.8","A","Official value",""
"QCL","Crops and livestock products","250","France","5510","Production","0115","Barley","2023","2023","t","12143490","A","Official value",""
"QCL","Crops and livestock products","250","France","5312","Area harvested","0115","Barley","2024","2024","ha","1808500","A","Official value",""
"QCL","Crops and livestock products","250","France","5412","Yield","0115","Barley","2024","2024","kg/ha","5346.6","A","Official value",""
"QCL","Crops and livestock products","250","France","5510","Production","0115","Barley","2024","2024","t","9669250","A","Official value",""
"QCL","Crops and livestock products","250","France","5312","Area harvested","0112","Maize (corn)","2014","2014","ha","1825121","A","Official value",""
"QCL","Crops and livestock products","250","France","5412","Yield","0112","Maize (corn)","2014","2014","kg/ha","10050.5","A","Official value",""
"QCL","Crops and livestock products","250","France","5510","Production","0112","Maize (corn)","2014","2014","t","18343320","A","Official value",""
"QCL","Crops and livestock products","250","France","5312","Area harvested","0112","Maize (corn)","2015","2015","ha","1637081","A","Official value",""
"QCL","Crops and livestock products","250","France","5412","Yield","0112","Maize (corn)","2015","2015","kg/ha","8378.4","A","Official value",""
"QCL","Crops and livestock products","250","France","5510","Production","0112","Maize (corn)","2015","2015","t","13716048.4","A","Official value",""
"QCL","Crops and livestock products","250","France","5312","Area harvested","0112","Maize (corn)","2016","2016","ha","1442805","A","Official value",""
"QCL","Crops and livestock products","250","France","5412","Yield","0112","Maize (corn)","2016","2016","kg/ha","8206","A","Official value",""
"QCL","Crops and livestock products","250","France","5510","Production","0112","Maize (corn)","2016","2016","t","11839729","A","Official value",""
"QCL","Crops and livestock products","250","France","5312","Area harvested","0112","Maize (corn)","2017","2017","ha","1435699","A","Official value",""
"QCL","Crops and livestock products","250","France","5412","Yield","0112","Maize (corn)","2017","2017","kg/ha","10123.9","A","Official value",""
"QCL","Crops and livestock products","250","France","5510","Production","0112","Maize (corn)","2017","2017","t","14534897","A","Official value",""
"QCL","Crops and livestock products","250","France","5312","Area harvested","0112","Maize (corn)","2018","2018","ha","1426260","A","Official value",""
"QCL","Crops and livestock products","250","France","5412","Yield","0112","Maize (corn)","2018","2018","kg/ha","8820.6","A","Official value",""
"QCL","Crops and livestock products","250","France","5510","Production","0112","Maize (corn)","2018","2018","t","12580430","A","Official value",""
"QCL","Crops and livestock products","250","France","5312","Area harvested","0112","Maize (corn)","2019","2019","ha","1506100","A","Official value",""
"QCL","Crops and livestock products","250","France","5412","Yield","0112","Maize (corn)","2019","2019","kg/ha","8528.7","A","Official value",""
"QCL","Crops and livestock products","250","France","5510","Production","0112","Maize (corn)","2019","2019","t","12845020","A","Official value",""
"QCL","Crops and livestock products","250","France","5312","Area harvested","0112","Maize (corn)","2020","2020","ha","1730030","A","Official value",""
"QCL","Crops and livestock products","250","France","5412","Yield","0112","Maize (corn)","2020","2020","kg/ha","7934.2","A","Official value",""
"QCL","Crops and livestock products","250","France","5510","Production","0112","Maize (corn)","2020","2020","t","13726410","A","Official value",""
"QCL","Crops and livestock products","250","France","5312","Area harvested","0112","Maize (corn)","2021","2021","ha","1549470","A","Official value",""
"QCL","Crops and livestock products","250","France","5412","Yield","0112","Maize (corn)","2021","2021","kg/ha","9912","A","Official value",""
"QCL","Crops and livestock products","250","France","5510","Production","0112","Maize (corn)","2021","2021","t","15358290","A","Official value",""
"QCL","Crops and livestock products","250","France","5312","Area harvested","0112","Maize (corn)","2022","2022","ha","1456090","A","Official value",""
"QCL","Crops and livestock products","250","France","5412","Yield","0112","Maize (corn)","2022","2022","kg/ha","7470.1","A","Official value",""
"QCL","Crops and livestock products","250","France","5510","Production","0112","Maize (corn)","2022","2022","t","10877190","A","Official value",""
"QCL","Crops and livestock products","250","France","5312","Area harvested","0112","Maize (corn)","2023","2023","ha","1314680","A","Official value",""
"QCL","Crops and livestock products","250","France","5412","Yield","0112","Maize (corn)","2023","2023","kg/ha","9762.5","A","Official value",""
"QCL","Crops and livestock products","250","France","5510","Production","0112","Maize (corn)","2023","2023","t","12834600","A","Official value",""
"QCL","Crops and livestock products","250","France","5312","Area harvested","0112","Maize (corn)","2024","2024","ha","1593920","A","Official value",""
"QCL","Crops and livestock products","250","France","5412","Yield","0112","Maize (corn)","2024","2024","kg/ha","9204.1","A","Official value",""
"QCL","Crops and livestock products","250","France","5510","Production","0112","Maize (corn)","2024","2024","t","14670620","A","Official value",""
"QCL","Crops and livestock products","250","France","5312","Area harvested","01445","Sunflower seed","2014","2014","ha","657288","A","Official value",""
"QCL","Crops and livestock products","250","France","5412","Yield","01445","Sunflower seed","2014","2014","kg/ha","2410.2","A","Official value",""
"QCL","Crops and livestock products","250","France","5510","Production","01445","Sunflower seed","2014","2014","t","1584190","A","Official value",""
"QCL","Crops and livestock products","250","France","5312","Area harvested","01445","Sunflower seed","2015","2015","ha","618777","A","Official value",""
"QCL","Crops and livestock products","250","France","5412","Yield","01445","Sunflower seed","2015","2015","kg/ha","1918.2","A","Official value",""
"QCL","Crops and livestock products","250","France","5510","Production","01445","Sunflower seed","2015","2015","t","1186913","A","Official value",""
"QCL","Crops and livestock products","250","France","5312","Area harvested","01445","Sunflower seed","2016","2016","ha","536962","A","Official value",""
"QCL","Crops and livestock products","250","France","5412","Yield","01445","Sunflower seed","2016","2016","kg/ha","2183.4","A","Official value",""
"QCL","Crops and livestock products","250","France","5510","Production","01445","Sunflower seed","2016","2016","t","1172411","A","Official value",""
"QCL","Crops and livestock products","250","France","5312","Area harvested","01445","Sunflower seed","2017","2017","ha","586225","A","Official value",""
"QCL","Crops and livestock products","250","France","5412","Yield","01445","Sunflower seed","2017","2017","kg/ha","2727.6","A","Official value",""
"QCL","Crops and livestock products","250","France","5510","Production","01445","Sunflower seed","2017","2017","t","1598972","A","Official value",""
"QCL","Crops and livestock products","250","France","5312","Area harvested","01445","Sunflower seed","2018","2018","ha","552070","A","Official value",""
"QCL","Crops and livestock products","250","France","5412","Yield","01445","Sunflower seed","2018","2018","kg/ha","2244.4","A","Official value",""
"QCL","Crops and livestock products","250","France","5510","Production","01445","Sunflower seed","2018","2018","t","1239080","A","Official value",""
"QCL","Crops and livestock products","250","France","5312","Area harvested","01445","Sunflower seed","2019","2019","ha","603920","A","Official value",""
"QCL","Crops and livestock products","250","France","5412","Yield","01445","Sunflower seed","2019","2019","kg/ha","2149.5","A","Official value",""
"QCL","Crops and livestock products","250","France","5510","Production","01445","Sunflower seed","2019","2019","t","1298140","A","Official value",""
"QCL","Crops and livestock products","250","France","5312","Area harvested","01445","Sunflower seed","2020","2020","ha","777340","A","Official value",""
"QCL","Crops and livestock products","250","France","5412","Yield","01445","Sunflower seed","2020","2020","kg/ha","2068.8","A","Official value",""
"QCL","Crops and livestock products","250","France","5510","Production","01445","Sunflower seed","2020","2020","t","1608190","A","Official value",""
"QCL","Crops and livestock products","250","France","5312","Area harvested","01445","Sunflower seed","2021","2021","ha","698360","A","Official value",""
"QCL","Crops and livestock products","250","France","5412","Yield","01445","Sunflower seed","2021","2021","kg/ha","2739.1","A","Official value",""
"QCL","Crops and livestock products","250","France","5510","Production","01445","Sunflower seed","2021","2021","t","1912890","A","Official value",""
"QCL","Crops and livestock products","250","France","5312","Area harvested","01445","Sunflower seed","2022","2022","ha","870560","A","Official value",""
"QCL","Crops and livestock products","250","France","5412","Yield","01445","Sunflower seed","2022","2022","kg/ha","2065.8","A","Official value",""
"QCL","Crops and livestock products","250","France","5510","Production","01445","Sunflower seed","2022","2022","t","1798380","A","Official value",""
"QCL","Crops and livestock products","250","France","5312","Area harvested","01445","Sunflower seed","2023","2023","ha","821740","A","Official value",""
"QCL","Crops and livestock products","250","France","5412","Yield","01445","Sunflower seed","2023","2023","kg/ha","2508.6","A","Official value",""
"QCL","Crops and livestock products","250","France","5510","Production","01445","Sunflower seed","2023","2023","t","2061430","A","Official value",""
"QCL","Crops and livestock products","250","France","5312","Area harvested","01445","Sunflower seed","2024","2024","ha","753680","A","Official value",""
"QCL","Crops and livestock products","250","France","5412","Yield","01445","Sunflower seed","2024","2024","kg/ha","1963.4","A","Official value",""
"QCL","Crops and livestock products","250","France","5510","Production","01445","Sunflower seed","2024","2024","t","1479770","A","Official value",""
"QCL","Crops and livestock products","250","France","5312","Area harvested","0111","Wheat","2014","2014","ha","5297210","A","Official value",""
"QCL","Crops and livestock products","250","France","5412","Yield","0111","Wheat","2014","2014","kg/ha","7353","A","Official value",""
"QCL","Crops and livestock products","250","France","5510","Production","0111","Wheat","2014","2014","t","38950202","A","Official value",""
"QCL","Crops and livestock products","250","France","5312","Area harvested","0111","Wheat","2015","2015","ha","5480208","A","Official value",""
"QCL","Crops and livestock products","250","France","5412","Yield","0111","Wheat","2015","2015","kg/ha","7800.8","A","Official value",""
"QCL","Crops and livestock products","250","France","5510","Production","0111","Wheat","2015","2015","t","42750027.4","A","Official value",""
"QCL","Crops and livestock products","250","France","5312","Area harvested","0111","Wheat","2016","2016","ha","5542247","A","Official value",""
"QCL","Crops and livestock products","250","France","5412","Yield","0111","Wheat","2016","2016","kg/ha","5289.6","A","Official value",""
"QCL","Crops and livestock products","250","France","5510","Production","0111","Wheat","2016","2016","t","29316331","A","Official value",""
"QCL","Crops and livestock products","250","France","5312","Area harvested","0111","Wheat","2017","2017","ha","5332084","A","Official value",""
"QCL","Crops and livestock products","250","France","5412","Yield","0111","Wheat","2017","2017","kg/ha","7253.8","A","Official value",""
"QCL","Crops and livestock products","250","France","5510","Production","0111","Wheat","2017","2017","t","38677896","A","Official value",""
"QCL","Crops and livestock products","250","France","5312","Area harvested","0111","Wheat","2018","2018","ha","5234090","A","Official value",""
"QCL","Crops and livestock products","250","France","5412","Yield","0111","Wheat","2018","2018","kg/ha","6768","A","Official value",""
"QCL","Crops and livestock products","250","France","5510","Production","0111","Wheat","2018","2018","t","35424140","A","Official value",""
"QCL","Crops and livestock products","250","France","5312","Area harvested","0111","Wheat","2019","2019","ha","5244250","A","Official value",""
"QCL","Crops and livestock products","250","France","5412","Yield","0111","Wheat","2019","2019","kg/ha","7742.8","A","Official value",""
"QCL","Crops and livestock products","250","France","5510","Production","0111","Wheat","2019","2019","t","40604960","A","Official value",""
"QCL","Crops and livestock products","250","France","5312","Area harvested","0111","Wheat","2020","2020","ha","4519780","A","Official value",""
"QCL","Crops and livestock products","250","France","5412","Yield","0111","Wheat","2020","2020","kg/ha","6677.6","A","Official value",""
"QCL","Crops and livestock products","250","France","5510","Production","0111","Wheat","2020","2020","t","30181140","A","Official value",""
"QCL","Crops and livestock products","250","France","5312","Area harvested","0111","Wheat","2021","2021","ha","5276730","A","Official value",""
"QCL","Crops and livestock products","250","France","5412","Yield","0111","Wheat","2021","2021","kg/ha","6928.4","A","Official value",""
"QCL","Crops and livestock products","250","France","5510","Production","0111","Wheat","2021","2021","t","36559450","A","Official value",""
"QCL","Crops and livestock products","250","France","5312","Area harvested","0111","Wheat","2022","2022","ha","4949840","A","Official value",""
"QCL","Crops and livestock products","250","France","5412","Yield","0111","Wheat","2022","2022","kg/ha","6996.7","A","Official value",""
"QCL","Crops and livestock products","250","France","5510","Production","0111","Wheat","2022","2022","t","34632380","A","Official value",""
"QCL","Crops and livestock products","250","France","5312","Area harvested","0111","Wheat","2023","2023","ha","4998280","A","Official value",""
"QCL","Crops and livestock products","250","France","5412","Yield","0111","Wheat","2023","2023","kg/ha","7201.6","A","Official value",""
"QCL","Crops and livestock products","250","France","5510","Production","0111","Wheat","2023","2023","t","35995570","A","Official value",""
"QCL","Crops and livestock products","250","France","5312","Area harvested","0111","Wheat","2024","2024","ha","4454180","A","Official value",""
"QCL","Crops and livestock products","250","France","5412","Yield","0111","Wheat","2024","2024","kg/ha","5973.5","A","Official value",""
"QCL","Crops and livestock products","250","France","5510","Production","0111","Wheat","2024","2024","t","26606940","A","Official value",""
"QCL","Crops and livestock products","276","Germany","5312","Area harvested","0115","Barley","2014","2014","ha","1573700","A","Official value",""
"QCL","Crops and livestock products","276","Germany","5412","Yield","0115","Barley","2014","2014","kg/ha","7347.5","A","Official value",""
"QCL","Crops and livestock products","276","Germany","5510","Production","0115","Barley","2014","2014","t","11562800","A","Official value",""
"QCL","Crops and livestock products","276","Germany","5312","Area harvested","0115","Barley","2015","2015","ha","1621800","A","Official value",""
"QCL","Crops and livestock products","276","Germany","5412","Yield","0115","Barley","2015","2015","kg/ha","7171","A","Official value",""
"QCL","Crops and livestock products","276","Germany","5510","Production","0115","Barley","2015","2015","t","11629900","A","Official value",""
"QCL","Crops and livestock products","276","Germany","5312","Area harvested","0115","Barley","2016","2016","ha","1605000","A","Official value",""
"QCL","Crops and livestock products","276","Germany","5412","Yield","0115","Barley","2016","2016","kg/ha","6685.7","A","Official value",""
"QCL","Crops and livestock products","276","Germany","5510","Production","0115","Barley","2016","2016","t","10730500","A","Official value",""
"QCL","Crops and livestock products","276","Germany","5312","Area harvested","0115","Barley","2017","2017","ha","1566100","A","Official value",""
"QCL","Crops and livestock products","276","Germany","5412","Yield","0115","Barley","2017","2017","kg/ha","6930.2","A","Official value",""
"QCL","Crops and livestock products","276","Germany","5510","Production","0115","Barley","2017","2017","t","10853400","A","Official value",""
"QCL","Crops and livestock products","276","Germany","5312","Area harvested","0115","Barley","2018","2018","ha","1662000","A","Official value",""
"QCL","Crops and livestock products","276","Germany","5412","Yield","0115","Barley","2018","2018","kg/ha","5766.3","A","Official value",""
"QCL","Crops and livestock products","276","Germany","5510","Production","0115","Barley","2018","2018","t","9583600","A","Official value",""
"QCL","Crops and livestock products","276","Germany","5312","Area harvested","0115","Barley","2019","2019","ha","1708800","A","Official value",""
"QCL","Crops and livestock products","276","Germany","5412","Yield","0115","Barley","2019","2019","kg/ha","6783.4","A","Official value",""
"QCL","Crops and livestock products","276","Germany","5510","Production","0115","Barley","2019","2019","t","11591500","A","Official value",""
"QCL","Crops and livestock products","276","Germany","5312","Area harvested","0115","Barley","2020","2020","ha","1667300","A","Official value",""
"QCL","Crops and livestock products","276","Germany","5412","Yield","0115","Barley","2020","2020","kg/ha","6459.1","A","Official value",""
"QCL","Crops and livestock products","276","Germany","5510","Production","0115","Barley","2020","2020","t","10769200","A","Official value",""
"QCL","Crops and livestock products","276","Germany","5312","Area harvested","0115","Barley","2021","2021","ha","1539500","A","Official value",""
"QCL","Crops and livestock products","276","Germany","5412","Yield","0115","Barley","2021","2021","kg/ha","6762.7","A","Official value",""
"QCL","Crops and livestock products","276","Germany","5510","Production","0115","Barley","2021","2021","t","10411100","A","Official value",""
"QCL","Crops and livestock products","276","Germany","5312","Area harvested","0115","Barley","2022","2022","ha","1582600","A","Official value",""
"QCL","Crops and livestock products","276","Germany","5412","Yield","0115","Barley","2022","2022","kg/ha","7081.4","A","Official value",""
"QCL","Crops and livestock products","276","Germany","5510","Production","0115","Barley","2022","2022","t","11207100","A","Official value",""
"QCL","Crops and livestock products","276","Germany","5312","Area harvested","0115","Barley","2023","2023","ha","1612200","A","Official value",""
"QCL","Crops and livestock products","276","Germany","5412","Yield","0115","Barley","2023","2023","kg/ha","6822.9","A","Official value",""
"QCL","Crops and livestock products","276","Germany","5510","Production","0115","Barley","2023","2023","t","10999900","A","Official value",""
"QCL","Crops and livestock products","276","Germany","5312","Area harvested","0115","Barley","2024","2024","ha","1660000","A","Official value",""
"QCL","Crops and livestock products","276","Germany","5412","Yield","0115","Barley","2024","2024","kg/ha","6391.6","A","Official value",""
"QCL","Crops and livestock products","276","Germany","5510","Production","0115","Barley","2024","2024","t","10610000","A","Official value",""
"QCL","Crops and livestock products","276","Germany","5312","Area harvested","0112","Maize (corn)","2014","2014","ha","481300","A","Official value",""
"QCL","Crops and livestock products","276","Germany","5412","Yield","0112","Maize (corn)","2014","2014","kg/ha","10683.8","A","Official value",""
"QCL","Crops and livestock products","276","Germany","5510","Production","0112","Maize (corn)","2014","2014","t","5142100","A","Official value",""
"QCL","Crops and livestock products","276","Germany","5312","Area harvested","0112","Maize (corn)","2015","2015","ha","455500","A","Official value",""
"QCL","Crops and livestock products","276","Germany","5412","Yield","0112","Maize (corn)","2015","2015","kg/ha","8722.3","A","Official value",""
"QCL","Crops and livestock products","276","Germany","5510","Production","0112","Maize (corn)","2015","2015","t","3973000","A","Official value",""
"QCL","Crops and livestock products","276","Germany","5312","Area harvested","0112","Maize (corn)","2016","2016","ha","416300","A","Official value",""
"QCL","Crops and livestock products","276","Germany","5412","Yield","0112","Maize (corn)","2016","2016","kg/ha","9651.2","A","Official value",""
"QCL","Crops and livestock products","276","Germany","5510","Production","0112","Maize (corn)","2016","2016","t","4017800","A","Official value",""
"QCL","Crops and livestock products","276","Germany","5312","Area harvested","0112","Maize (corn)","2017","2017","ha","432000","A","Official value",""
"QCL","Crops and livestock products","276","Germany","5412","Yield","0112","Maize (corn)","2017","2017","kg/ha","10526.9","A","Official value",""
"QCL","Crops and livestock products","276","Germany","5510","Production","0112","Maize (corn)","2017","2017","t","4547600","A","Official value",""
"QCL","Crops and livestock products","276","Germany","5312","Area harvested","0112","Maize (corn)","2018","2018","ha","410900","A","Official value",""
"QCL","Crops and livestock products","276","Germany","5412","Yield","0112","Maize (corn)","2018","2018","kg/ha","8139","A","Official value",""
"QCL","Crops and livestock products","276","Germany","5510","Production","0112","Maize (corn)","2018","2018","t","3344300","A","Official value",""
"QCL","Crops and livestock products","276","Germany","5312","Area harvested","0112","Maize (corn)","2019","2019","ha","416000","A","Official value",""
"QCL","Crops and livestock products","276","Germany","5412","Yield","0112","Maize (corn)","2019","2019","kg/ha","8809.6","A","Official value",""
"QCL","Crops and livestock products","276","Germany","5510","Production","0112","Maize (corn)","2019","2019","t","3664800","A","Official value",""
"QCL","Crops and livestock products","276","Germany","5312","Area harvested","0112","Maize (corn)","2020","2020","ha","419300","A","Official value",""
"QCL","Crops and livestock products","276","Germany","5412","Yield","0112","Maize (corn)","2020","2020","kg/ha","9587.4","A","Official value",""
"QCL","Crops and livestock products","276","Germany","5510","Production","0112","Maize (corn)","2020","2020","t","4020000","A","Official value",""
"QCL","Crops and livestock products","276","Germany","5312","Area harvested","0112","Maize (corn)","2021","2021","ha","430700","A","Official value",""
"QCL","Crops and livestock products","276","Germany","5412","Yield","0112","Maize (corn)","2021","2021","kg/ha","10360.8","A","Official value",""
"QCL","Crops and livestock products","276","Germany","5510","Production","0112","Maize (corn)","2021","2021","t","4462400","A","Official value",""
"QCL","Crops and livestock products","276","Germany","5312","Area harvested","0112","Maize (corn)","2022","2022","ha","456700","A","Official value",""
"QCL","Crops and livestock products","276","Germany","5412","Yield","0112","Maize (corn)","2022","2022","kg/ha","8402.5","A","Official value",""
"QCL","Crops and livestock products","276","Germany","5510","Production","0112","Maize (corn)","2022","2022","t","3837400","A","Official value",""
"QCL","Crops and livestock products","276","Germany","5312","Area harvested","0112","Maize (corn)","2023","2023","ha","466400","A","Official value",""
"QCL","Crops and livestock products","276","Germany","5412","Yield","0112","Maize (corn)","2023","2023","kg/ha","9646","A","Official value",""
"QCL","Crops and livestock products","276","Germany","5510","Production","0112","Maize (corn)","2023","2023","t","4498900","A","Official value",""
"QCL","Crops and livestock products","276","Germany","5312","Area harvested","0112","Maize (corn)","2024","2024","ha","498400","A","Official value",""
"QCL","Crops and livestock products","276","Germany","5412","Yield","0112","Maize (corn)","2024","2024","kg/ha","10053.2","A","Official value",""
"QCL","Crops and livestock products","276","Germany","5510","Production","0112","Maize (corn)","2024","2024","t","5010500","A","Official value",""
"QCL","Crops and livestock products","276","Germany","5312","Area harvested","01445","Sunflower seed","2014","2014","ha","20000","A","Official value",""
"QCL","Crops and livestock products","276","Germany","5412","Yield","01445","Sunflower seed","2014","2014","kg/ha","2300","A","Official value",""
"QCL","Crops and livestock products","276","Germany","5510","Production","01445","Sunflower seed","2014","2014","t","46000","A","Official value",""
"QCL","Crops and livestock products","276","Germany","5312","Area harvested","01445","Sunflower seed","2015","2015","ha","18400","A","Official value",""
"QCL","Crops and livestock products","276","Germany","5412","Yield","01445","Sunflower seed","2015","2015","kg/ha","1918.5","A","Official value",""
"QCL","Crops and livestock products","276","Germany","5510","Production","01445","Sunflower seed","2015","2015","t","35300","A","Official value",""
"QCL","Crops and livestock products","276","Germany","5312","Area harvested","01445","Sunflower seed","2016","2016","ha","16700","A","Official value",""
"QCL","Crops and livestock products","276","Germany","5412","Yield","01445","Sunflower seed","2016","2016","kg/ha","2137.7","A","Official value",""
"QCL","Crops and livestock products","276","Germany","5510","Production","01445","Sunflower seed","2016","2016","t","35700","A","Official value",""
"QCL","Crops and livestock products","276","Germany","5312","Area harvested","01445","Sunflower seed","2017","2017","ha","18000","A","Official value",""
"QCL","Crops and livestock products","276","Germany","5412","Yield","01445","Sunflower seed","2017","2017","kg/ha","2200","A","Official value",""
"QCL","Crops and livestock products","276","Germany","5510","Production","01445","Sunflower seed","2017","2017","t","39600","A","Official value",""
"QCL","Crops and livestock products","276","Germany","5312","Area harvested","01445","Sunflower seed","2018","2018","ha","19500","A","Official value",""
"QCL","Crops and livestock products","276","Germany","5412","Yield","01445","Sunflower seed","2018","2018","kg/ha","1820.5","A","Official value",""
"QCL","Crops and livestock products","276","Germany","5510","Production","01445","Sunflower seed","2018","2018","t","35500","A","Official value",""
"QCL","Crops and livestock products","276","Germany","5312","Area harvested","01445","Sunflower seed","2019","2019","ha","22500","A","Official value",""
"QCL","Crops and livestock products","276","Germany","5412","Yield","01445","Sunflower seed","2019","2019","kg/ha","2044.4","A","Official value",""
"QCL","Crops and livestock products","276","Germany","5510","Production","01445","Sunflower seed","2019","2019","t","46000","A","Official value",""
"QCL","Crops and livestock products","276","Germany","5312","Area harvested","01445","Sunflower seed","2020","2020","ha","28200","A","Official value",""
"QCL","Crops and livestock products","276","Germany","5412","Yield","01445","Sunflower seed","2020","2020","kg/ha","2056.7","A","Official value",""
"QCL","Crops and livestock products","276","Germany","5510","Production","01445","Sunflower seed","2020","2020","t","58000","A","Official value",""
"QCL","Crops and livestock products","276","Germany","5312","Area harvested","01445","Sunflower seed","2021","2021","ha","38300","A","Official value",""
"QCL","Crops and livestock products","276","Germany","5412","Yield","01445","Sunflower seed","2021","2021","kg/ha","2603.1","A","Official value",""
"QCL","Crops and livestock products","276","Germany","5510","Production","01445","Sunflower seed","2021","2021","t","99700","A","Official value",""
"QCL","Crops and livestock products","276","Germany","5312","Area harvested","01445","Sunflower seed","2022","2022","ha","85600","A","Official value",""
"QCL","Crops and livestock products","276","Germany","5412","Yield","01445","Sunflower seed","2022","2022","kg/ha","1883.2","A","Official value",""
"QCL","Crops and livestock products","276","Germany","5510","Production","01445","Sunflower seed","2022","2022","t","161200","A","Official value",""
"QCL","Crops and livestock products","276","Germany","5312","Area harvested","01445","Sunflower seed","2023","2023","ha","68900","A","Official value",""
"QCL","Crops and livestock products","276","Germany","5412","Yield","01445","Sunflower seed","2023","2023","kg/ha","2468.8","A","Official value",""
"QCL","Crops and livestock products","276","Germany","5510","Production","01445","Sunflower seed","2023","2023","t","170100","A","Official value",""
"QCL","Crops and livestock products","276","Germany","5312","Area harvested","01445","Sunflower seed","2024","2024","ha","51400","A","Official value",""
"QCL","Crops and livestock products","276","Germany","5412","Yield","01445","Sunflower seed","2024","2024","kg/ha","2610.9","A","Official value",""
"QCL","Crops and livestock products","276","Germany","5510","Production","01445","Sunflower seed","2024","2024","t","134200","A","Official value",""
"QCL","Crops and livestock products","276","Germany","5312","Area harvested","0111","Wheat","2014","2014","ha","3219700","A","Official value",""
"QCL","Crops and livestock products","276","Germany","5412","Yield","0111","Wheat","2014","2014","kg/ha","8629.6","A","Official value",""
"QCL","Crops and livestock products","276","Germany","5510","Production","0111","Wheat","2014","2014","t","27784700","A","Official value",""
"QCL","Crops and livestock products","276","Germany","5312","Area harvested","0111","Wheat","2015","2015","ha","3282700","A","Official value",""
"QCL","Crops and livestock products","276","Germany","5412","Yield","0111","Wheat","2015","2015","kg/ha","8087.7","A","Official value",""
"QCL","Crops and livestock products","276","Germany","5510","Production","0111","Wheat","2015","2015","t","26549500","A","Official value",""
"QCL","Crops and livestock products","276","Germany","5312","Area harvested","0111","Wheat","2016","2016","ha","3201700","A","Official value",""
"QCL","Crops and livestock products","276","Germany","5412","Yield","0111","Wheat","2016","2016","kg/ha","7640.9","A","Official value",""
"QCL","Crops and livestock products","276","Germany","5510","Production","0111","Wheat","2016","2016","t","24463800","A","Official value",""
"QCL","Crops and livestock products","276","Germany","5312","Area harvested","0111","Wheat","2017","2017","ha","3202600","A","Official value",""
"QCL","Crops and livestock products","276","Germany","5412","Yield","0111","Wheat","2017","2017","kg/ha","7644.3","A","Official value",""
"QCL","Crops and livestock products","276","Germany","5510","Production","0111","Wheat","2017","2017","t","24481600","A","Official value",""
"QCL","Crops and livestock products","276","Germany","5312","Area harvested","0111","Wheat","2018","2018","ha","3036300","A","Official value",""
"QCL","Crops and livestock products","276","Germany","5412","Yield","0111","Wheat","2018","2018","kg/ha","6673.7","A","Official value",""
"QCL","Crops and livestock products","276","Germany","5510","Production","0111","Wheat","2018","2018","t","20263500","A","Official value",""
"QCL","Crops and livestock products","276","Germany","5312","Area harvested","0111","Wheat","2019","2019","ha","3118100","A","Official value",""
"QCL","Crops and livestock products","276","Germany","5412","Yield","0111","Wheat","2019","2019","kg/ha","7396.4","A","Official value",""
"QCL","Crops and livestock products","276","Germany","5510","Production","0111","Wheat","2019","2019","t","23062600","A","Official value",""
"QCL","Crops and livestock products","276","Germany","5312","Area harvested","0111","Wheat","2020","2020","ha","2835500","A","Official value",""
"QCL","Crops and livestock products","276","Germany","5412","Yield","0111","Wheat","2020","2020","kg/ha","7819.5","A","Official value",""
"QCL","Crops and livestock products","276","Germany","5510","Production","0111","Wheat","2020","2020","t","22172100","A","Official value",""
"QCL","Crops and livestock products","276","Germany","5312","Area harvested","0111","Wheat","2021","2021","ha","2939000","A","Official value",""
"QCL","Crops and livestock products","276","Germany","5412","Yield","0111","Wheat","2021","2021","kg/ha","7301.5","A","Official value",""
"QCL","Crops and livestock products","276","Germany","5510","Production","0111","Wheat","2021","2021","t","21459200","A","Official value",""
"QCL","Crops and livestock products","276","Germany","5312","Area harvested","0111","Wheat","2022","2022","ha","2980900","A","Official value",""
"QCL","Crops and livestock products","276","Germany","5412","Yield","0111","Wheat","2022","2022","kg/ha","7577.3","A","Official value",""
"QCL","Crops and livestock products","276","Germany","5510","Production","0111","Wheat","2022","2022","t","22587300","A","Official value",""
"QCL","Crops and livestock products","276","Germany","5312","Area harvested","0111","Wheat","2023","2023","ha","2897800","A","Official value",""
"QCL","Crops and livestock products","276","Germany","5412","Yield","0111","Wheat","2023","2023","kg/ha","7431.8","A","Official value",""
"QCL","Crops and livestock products","276","Germany","5510","Production","0111","Wheat","2023","2023","t","21535900","A","Official value",""
"QCL","Crops and livestock products","276","Germany","5312","Area harvested","0111","Wheat","2024","2024","ha","2615200","A","Official value",""
"QCL","Crops and livestock products","276","Germany","5412","Yield","0111","Wheat","2024","2024","kg/ha","7084.2","A","Official value",""
"QCL","Crops and livestock products","276","Germany","5510","Production","0111","Wheat","2024","2024","t","18526700","A","Official value",""
"QCL","Crops and livestock products","642","Romania","5312","Area harvested","0115","Barley","2014","2014","ha","512148","A","Official value",""
"QCL","Crops and livestock products","642","Romania","5412","Yield","0115","Barley","2014","2014","kg/ha","3343.8","A","Official value",""
"QCL","Crops and livestock products","642","Romania","5510","Production","0115","Barley","2014","2014","t","1712509","A","Official value",""
"QCL","Crops and livestock products","642","Romania","5312","Area harvested","0115","Barley","2015","2015","ha","468569","A","Official value",""
"QCL","Crops and livestock products","642","Romania","5412","Yield","0115","Barley","2015","2015","kg/ha","3470.8","A","Official value",""
"QCL","Crops and livestock products","642","Romania","5510","Production","0115","Barley","2015","2015","t","1626330","A","Official value",""
"QCL","Crops and livestock products","642","Romania","5312","Area harvested","0115","Barley","2016","2016","ha","480943","A","Official value",""
"QCL","Crops and livestock products","642","Romania","5412","Yield","0115","Barley","2016","2016","kg/ha","3778.6","A","Official value",""
"QCL","Crops and livestock products","642","Romania","5510","Production","0115","Barley","2016","2016","t","1817269","A","Official value",""
"QCL","Crops and livestock products","642","Romania","5312","Area harvested","0115","Barley","2017","2017","ha","455029","A","Official value",""
"QCL","Crops and livestock products","642","Romania","5412","Yield","0115","Barley","2017","2017","kg/ha","4190.3","A","Official value",""
"QCL","Crops and livestock products","642","Romania","5510","Production","0115","Barley","2017","2017","t","1906703","A","Official value",""
"QCL","Crops and livestock products","642","Romania","5312","Area harvested","0115","Barley","2018","2018","ha","423500","A","Official value",""
"QCL","Crops and livestock products","642","Romania","5412","Yield","0115","Barley","2018","2018","kg/ha","4417.3","A","Official value",""
"QCL","Crops and livestock products","642","Romania","5510","Production","0115","Barley","2018","2018","t","1870710","A","Official value",""
"QCL","Crops and livestock products","642","Romania","5312","Area harvested","0115","Barley","2019","2019","ha","448890","A","Official value",""
"QCL","Crops and livestock products","642","Romania","5412","Yield","0115","Barley","2019","2019","kg/ha","4188","A","Official value",""
"QCL","Crops and livestock products","642","Romania","5510","Production","0115","Barley","2019","2019","t","1879950","A","Official value",""
"QCL","Crops and livestock products","642","Romania","5312","Area harvested","0115","Barley","2020","2020","ha","441980","A","Official value",""
"QCL","Crops and livestock products","642","Romania","5412","Yield","0115","Barley","2020","2020","kg/ha","2581.6","A","Official value",""
"QCL","Crops and livestock products","642","Romania","5510","Production","0115","Barley","2020","2020","t","1141010","A","Official value",""
"QCL","Crops and livestock products","642","Romania","5312","Area harvested","0115","Barley","2021","2021","ha","449390","A","Official value",""
"QCL","Crops and livestock products","642","Romania","5412","Yield","0115","Barley","2021","2021","kg/ha","4408.3","A","Official value",""
"QCL","Crops and livestock products","642","Romania","5510","Production","0115","Barley","2021","2021","t","1981030","A","Official value",""
"QCL","Crops and livestock products","642","Romania","5312","Area harvested","0115","Barley","2022","2022","ha","425950","A","Official value",""
"QCL","Crops and livestock products","642","Romania","5412","Yield","0115","Barley","2022","2022","kg/ha","4006.7","A","Official value",""
"QCL","Crops and livestock products","642","Romania","5510","Production","0115","Barley","2022","2022","t","1706650","A","Official value",""
"QCL","Crops and livestock products","642","Romania","5312","Area harvested","0115","Barley","2023","2023","ha","497770","A","Official value",""
"QCL","Crops and livestock products","642","Romania","5412","Yield","0115","Barley","2023","2023","kg/ha","4013.1","A","Official value",""
"QCL","Crops and livestock products","642","Romania","5510","Production","0115","Barley","2023","2023","t","1997620","A","Official value",""
"QCL","Crops and livestock products","642","Romania","5312","Area harvested","0115","Barley","2024","2024","ha","531050","A","Official value",""
"QCL","Crops and livestock products","642","Romania","5412","Yield","0115","Barley","2024","2024","kg/ha","4148.9","A","Official value",""
"QCL","Crops and livestock products","642","Romania","5510","Production","0115","Barley","2024","2024","t","2203260","A","Official value",""
"QCL","Crops and livestock products","642","Romania","5312","Area harvested","0112","Maize (corn)","2014","2014","ha","2504419","A","Official value",""
"QCL","Crops and livestock products","642","Romania","5412","Yield","0112","Maize (corn)","2014","2014","kg/ha","4787","A","Official value",""
"QCL","Crops and livestock products","642","Romania","5510","Production","0112","Maize (corn)","2014","2014","t","11988553","A","Official value",""
"QCL","Crops and livestock products","642","Romania","5312","Area harvested","0112","Maize (corn)","2015","2015","ha","2598633","A","Official value",""
"QCL","Crops and livestock products","642","Romania","5412","Yield","0112","Maize (corn)","2015","2015","kg/ha","3471.6","A","Official value",""
"QCL","Crops and livestock products","642","Romania","5510","Production","0112","Maize (corn)","2015","2015","t","9021403","A","Official value",""
"QCL","Crops and livestock products","642","Romania","5312","Area harvested","0112","Maize (corn)","2016","2016","ha","2578523","A","Official value",""
"QCL","Crops and livestock products","642","Romania","5412","Yield","0112","Maize (corn)","2016","2016","kg/ha","4167.7","A","Official value",""
"QCL","Crops and livestock products","642","Romania","5510","Production","0112","Maize (corn)","2016","2016","t","10746387","A","Official value",""
"QCL","Crops and livestock products","642","Romania","5312","Area harvested","0112","Maize (corn)","2017","2017","ha","2403298","A","Official value",""
"QCL","Crops and livestock products","642","Romania","5412","Yield","0112","Maize (corn)","2017","2017","kg/ha","5961","A","Official value",""
"QCL","Crops and livestock products","642","Romania","5510","Production","0112","Maize (corn)","2017","2017","t","14326097","A","Official value",""
"QCL","Crops and livestock products","642","Romania","5312","Area harvested","0112","Maize (corn)","2018","2018","ha","2443950","A","Official value",""
"QCL","Crops and livestock products","642","Romania","5412","Yield","0112","Maize (corn)","2018","2018","kg/ha","7636.8","A","Official value",""
"QCL","Crops and livestock products","642","Romania","5510","Production","0112","Maize (corn)","2018","2018","t","18663940","A","Official value",""
"QCL","Crops and livestock products","642","Romania","5312","Area harvested","0112","Maize (corn)","2019","2019","ha","2681930","A","Official value",""
"QCL","Crops and livestock products","642","Romania","5412","Yield","0112","Maize (corn)","2019","2019","kg/ha","6499.9","A","Official value",""
"QCL","Crops and livestock products","642","Romania","5510","Production","0112","Maize (corn)","2019","2019","t","17432220","A","Official value",""
"QCL","Crops and livestock products","642","Romania","5312","Area harvested","0112","Maize (corn)","2020","2020","ha","2540550","A","Official value",""
"QCL","Crops and livestock products","642","Romania","5412","Yield","0112","Maize (corn)","2020","2020","kg/ha","3974.2","A","Official value",""
"QCL","Crops and livestock products","642","Romania","5510","Production","0112","Maize (corn)","2020","2020","t","10096690","A","Official value",""
"QCL","Crops and livestock products","642","Romania","5312","Area harvested","0112","Maize (corn)","2021","2021","ha","2554680","A","Official value",""
"QCL","Crops and livestock products","642","Romania","5412","Yield","0112","Maize (corn)","2021","2021","kg/ha","5801.4","A","Official value",""
"QCL","Crops and livestock products","642","Romania","5510","Production","0112","Maize (corn)","2021","2021","t","14820690","A","Official value",""
"QCL","Crops and livestock products","642","Romania","5312","Area harvested","0112","Maize (corn)","2022","2022","ha","2437220","A","Official value",""
"QCL","Crops and livestock products","642","Romania","5412","Yield","0112","Maize (corn)","2022","2022","kg/ha","3297.7","A","Official value",""
"QCL","Crops and livestock products","642","Romania","5510","Production","0112","Maize (corn)","2022","2022","t","8037130","A","Official value",""
"QCL","Crops and livestock products","642","Romania","5312","Area harvested","0112","Maize (corn)","2023","2023","ha","2196110","A","Official value",""
"QCL","Crops and livestock products","642","Romania","5412","Yield","0112","Maize (corn)","2023","2023","kg/ha","3981.6","A","Official value",""
"QCL","Crops and livestock products","642","Romania","5510","Production","0112","Maize (corn)","2023","2023","t","8744000","A","Official value",""
"QCL","Crops and livestock products","642","Romania","5312","Area harvested","0112","Maize (corn)","2024","2024","ha","2111020","A","Official value",""
"QCL","Crops and livestock products","642","Romania","5412","Yield","0112","Maize (corn)","2024","2024","kg/ha","2828.9","A","Official value",""
"QCL","Crops and livestock products","642","Romania","5510","Production","0112","Maize (corn)","2024","2024","t","5971850","A","Official value",""
"QCL","Crops and livestock products","642","Romania","5312","Area harvested","01445","Sunflower seed","2014","2014","ha","998043","A","Official value",""
"QCL","Crops and livestock products","642","Romania","5412","Yield","01445","Sunflower seed","2014","2014","kg/ha","2193.6","A","Official value",""
"QCL","Crops and livestock products","642","Romania","5510","Production","01445","Sunflower seed","2014","2014","t","2189309","A","Official value",""
"QCL","Crops and livestock products","642","Romania","5312","Area harvested","01445","Sunflower seed","2015","2015","ha","1009140","A","Official value",""
"QCL","Crops and livestock products","642","Romania","5412","Yield","01445","Sunflower seed","2015","2015","kg/ha","1769.6","A","Official value",""
"QCL","Crops and livestock products","642","Romania","5510","Production","01445","Sunflower seed","2015","2015","t","1785771","A","Official value",""
"QCL","Crops and livestock products","642","Romania","5312","Area harvested","01445","Sunflower seed","2016","2016","ha","1038414","A","Official value",""
"QCL","Crops and livestock products","642","Romania","5412","Yield","01445","Sunflower seed","2016","2016","kg/ha","1957.2","A","Official value",""
"QCL","Crops and livestock products","642","Romania","5510","Production","01445","Sunflower seed","2016","2016","t","2032340","A","Official value",""
"QCL","Crops and livestock products","642","Romania","5312","Area harvested","01445","Sunflower seed","2017","2017","ha","999162","A","Official value",""
"QCL","Crops and livestock products","642","Romania","5412","Yield","01445","Sunflower seed","2017","2017","kg/ha","2915.2","A","Official value",""
"QCL","Crops and livestock products","642","Romania","5510","Production","01445","Sunflower seed","2017","2017","t","2912743","A","Official value",""
"QCL","Crops and livestock products","642","Romania","5312","Area harvested","01445","Sunflower seed","2018","2018","ha","1006990","A","Official value",""
"QCL","Crops and livestock products","642","Romania","5412","Yield","01445","Sunflower seed","2018","2018","kg/ha","3041.4","A","Official value",""
"QCL","Crops and livestock products","642","Romania","5510","Production","01445","Sunflower seed","2018","2018","t","3062690","A","Official value",""
"QCL","Crops and livestock products","642","Romania","5312","Area harvested","01445","Sunflower seed","2019","2019","ha","1282700","A","Official value",""
"QCL","Crops and livestock products","642","Romania","5412","Yield","01445","Sunflower seed","2019","2019","kg/ha","2782.5","A","Official value",""
"QCL","Crops and livestock products","642","Romania","5510","Production","01445","Sunflower seed","2019","2019","t","3569150","A","Official value",""
"QCL","Crops and livestock products","642","Romania","5312","Area harvested","01445","Sunflower seed","2020","2020","ha","1142840","A","Official value",""
"QCL","Crops and livestock products","642","Romania","5412","Yield","01445","Sunflower seed","2020","2020","kg/ha","1857.5","A","Official value",""
"QCL","Crops and livestock products","642","Romania","5510","Production","01445","Sunflower seed","2020","2020","t","2122870","A","Official value",""
"QCL","Crops and livestock products","642","Romania","5312","Area harvested","01445","Sunflower seed","2021","2021","ha","1123960","A","Official value",""
"QCL","Crops and livestock products","642","Romania","5412","Yield","01445","Sunflower seed","2021","2021","kg/ha","2529.9","A","Official value",""
"QCL","Crops and livestock products","642","Romania","5510","Production","01445","Sunflower seed","2021","2021","t","2843530","A","Official value",""
"QCL","Crops and livestock products","642","Romania","5312","Area harvested","01445","Sunflower seed","2022","2022","ha","1093270","A","Official value",""
"QCL","Crops and livestock products","642","Romania","5412","Yield","01445","Sunflower seed","2022","2022","kg/ha","1926.9","A","Official value",""
"QCL","Crops and livestock products","642","Romania","5510","Production","01445","Sunflower seed","2022","2022","t","2106570","A","Official value",""
"QCL","Crops and livestock products","642","Romania","5312","Area harvested","01445","Sunflower seed","2023","2023","ha","1077870","A","Official value",""
"QCL","Crops and livestock products","642","Romania","5412","Yield","01445","Sunflower seed","2023","2023","kg/ha","1870","A","Official value",""
"QCL","Crops and livestock products","642","Romania","5510","Production","01445","Sunflower seed","2023","2023","t","2015620","A","Official value",""
"QCL","Crops and livestock products","642","Romania","5312","Area harvested","01445","Sunflower seed","2024","2024","ha","1243250","A","Official value",""
"QCL","Crops and livestock products","642","Romania","5412","Yield","01445","Sunflower seed","2024","2024","kg/ha","1212.9","A","Official value",""
"QCL","Crops and livestock products","642","Romania","5510","Production","01445","Sunflower seed","2024","2024","t","1508000","A","Official value",""
"QCL","Crops and livestock products","642","Romania","5312","Area harvested","0111","Wheat","2014","2014","ha","2107813","A","Official value",""
"QCL","Crops and livestock products","642","Romania","5412","Yield","0111","Wheat","2014","2014","kg/ha","3598.4","A","Official value",""
"QCL","Crops and livestock products","642","Romania","5510","Production","0111","Wheat","2014","2014","t","7584814","A","Official value",""
"QCL","Crops and livestock products","642","Romania","5312","Area harvested","0111","Wheat","2015","2015","ha","2102444","A","Official value",""
"QCL","Crops and livestock products","642","Romania","5412","Yield","0111","Wheat","2015","2015","kg/ha","3787.2","A","Official value",""
"QCL","Crops and livestock products","642","Romania","5510","Production","0111","Wheat","2015","2015","t","7962421","A","Official value",""
"QCL","Crops and livestock products","642","Romania","5312","Area harvested","0111","Wheat","2016","2016","ha","2135304","A","Official value",""
"QCL","Crops and livestock products","642","Romania","5412","Yield","0111","Wheat","2016","2016","kg/ha","3948.4","A","Official value",""
"QCL","Crops and livestock products","642","Romania","5510","Production","0111","Wheat","2016","2016","t","8431131","A","Official value",""
"QCL","Crops and livestock products","642","Romania","5312","Area harvested","0111","Wheat","2017","2017","ha","2051664","A","Official value",""
"QCL","Crops and livestock products","642","Romania","5412","Yield","0111","Wheat","2017","2017","kg/ha","4891.1","A","Official value",""
"QCL","Crops and livestock products","642","Romania","5510","Production","0111","Wheat","2017","2017","t","10034955","A","Official value",""
"QCL","Crops and livestock products","642","Romania","5312","Area harvested","0111","Wheat","2018","2018","ha","2116150","A","Official value",""
"QCL","Crops and livestock products","642","Romania","5412","Yield","0111","Wheat","2018","2018","kg/ha","4793.5","A","Official value",""
"QCL","Crops and livestock products","642","Romania","5510","Production","0111","Wheat","2018","2018","t","10143670","A","Official value",""
"QCL","Crops and livestock products","642","Romania","5312","Area harvested","0111","Wheat","2019","2019","ha","2168370","A","Official value",""
"QCL","Crops and livestock products","642","Romania","5412","Yield","0111","Wheat","2019","2019","kg/ha","4748.8","A","Official value",""
"QCL","Crops and livestock products","642","Romania","5510","Production","0111","Wheat","2019","2019","t","10297110","A","Official value",""
"QCL","Crops and livestock products","642","Romania","5312","Area harvested","0111","Wheat","2020","2020","ha","2155250","A","Official value",""
"QCL","Crops and livestock products","642","Romania","5412","Yield","0111","Wheat","2020","2020","kg/ha","2966","A","Official value",""
"QCL","Crops and livestock products","642","Romania","5510","Production","0111","Wheat","2020","2020","t","6392370","A","Official value",""
"QCL","Crops and livestock products","642","Romania","5312","Area harvested","0111","Wheat","2021","2021","ha","2175080","A","Official value",""
"QCL","Crops and livestock products","642","Romania","5412","Yield","0111","Wheat","2021","2021","kg/ha","4796.9","A","Official value",""
"QCL","Crops and livestock products","642","Romania","5510","Production","0111","Wheat","2021","2021","t","10433750","A","Official value",""
"QCL","Crops and livestock products","642","Romania","5312","Area harvested","0111","Wheat","2022","2022","ha","2168660","A","Official value",""
"QCL","Crops and livestock products","642","Romania","5412","Yield","0111","Wheat","2022","2022","kg/ha","4004.4","A","Official value",""
"QCL","Crops and livestock products","642","Romania","5510","Production","0111","Wheat","2022","2022","t","8684240","A","Official value",""
"QCL","Crops and livestock products","642","Romania","5312","Area harvested","0111","Wheat","2023","2023","ha","2317690","A","Official value",""
"QCL","Crops and livestock products","642","Romania","5412","Yield","0111","Wheat","2023","2023","kg/ha","4152.4","A","Official value",""
"QCL","Crops and livestock products","642","Romania","5510","Production","0111","Wheat","2023","2023","t","9624070","A","Official value",""
"QCL","Crops and livestock products","642","Romania","5312","Area harvested","0111","Wheat","2024","2024","ha","2271230","A","Official value",""
"QCL","Crops and livestock products","642","Romania","5412","Yield","0111","Wheat","2024","2024","kg/ha","4090.7","A","Official value",""
"QCL","Crops and livestock products","642","Romania","5510","Production","0111","Wheat","2024","2024","t","9290880","A","Official value",""
"QCL","Crops and livestock products","804","Ukraine","5312","Area harvested","0115","Barley","2014","2014","ha","3003100","A","Official value",""
"QCL","Crops and livestock products","804","Ukraine","5412","Yield","0115","Barley","2014","2014","kg/ha","3012.2","A","Official value",""
"QCL","Crops and livestock products","804","Ukraine","5510","Production","0115","Barley","2014","2014","t","9046060","A","Official value",""
"QCL","Crops and livestock products","804","Ukraine","5312","Area harvested","0115","Barley","2015","2015","ha","2805200","A","Official value",""
"QCL","Crops and livestock products","804","Ukraine","5412","Yield","0115","Barley","2015","2015","kg/ha","2954.6","A","Official value",""
"QCL","Crops and livestock products","804","Ukraine","5510","Production","0115","Barley","2015","2015","t","8288380","A","Official value",""
"QCL","Crops and livestock products","804","Ukraine","5312","Area harvested","0115","Barley","2016","2016","ha","2859200","A","Official value",""
"QCL","Crops and livestock products","804","Ukraine","5412","Yield","0115","Barley","2016","2016","kg/ha","3300.1","A","Official value",""
"QCL","Crops and livestock products","804","Ukraine","5510","Production","0115","Barley","2016","2016","t","9435710","A","Official value",""
"QCL","Crops and livestock products","804","Ukraine","5312","Area harvested","0115","Barley","2017","2017","ha","2501500","A","Official value",""
"QCL","Crops and livestock products","804","Ukraine","5412","Yield","0115","Barley","2017","2017","kg/ha","3312","A","Official value",""
"QCL","Crops and livestock products","804","Ukraine","5510","Production","0115","Barley","2017","2017","t","8284890","A","Official value",""
"QCL","Crops and livestock products","804","Ukraine","5312","Area harvested","0115","Barley","2018","2018","ha","2484300","A","Official value",""
"QCL","Crops and livestock products","804","Ukraine","5412","Yield","0115","Barley","2018","2018","kg/ha","2958.2","A","Official value",""
"QCL","Crops and livestock products","804","Ukraine","5510","Production","0115","Barley","2018","2018","t","7349140","A","Official value",""
"QCL","Crops and livestock products","804","Ukraine","5312","Area harvested","0115","Barley","2019","2019","ha","2609200","A","Official value",""
"QCL","Crops and livestock products","804","Ukraine","5412","Yield","0115","Barley","2019","2019","kg/ha","3417.4","A","Official value",""
"QCL","Crops and livestock products","804","Ukraine","5510","Production","0115","Barley","2019","2019","t","8916780","A","Official value",""
"QCL","Crops and livestock products","804","Ukraine","5312","Area harvested","0115","Barley","2020","2020","ha","2374500","A","Official value",""
"QCL","Crops and livestock products","804","Ukraine","5412","Yield","0115","Barley","2020","2020","kg/ha","3216","A","Official value",""
"QCL","Crops and livestock products","804","Ukraine","5510","Production","0115","Barley","2020","2020","t","7636340","A","Official value",""
"QCL","Crops and livestock products","804","Ukraine","5312","Area harvested","0115","Barley","2021","2021","ha","2472100","A","Official value",""
"QCL","Crops and livestock products","804","Ukraine","5412","Yield","0115","Barley","2021","2021","kg/ha","3817.4","A","Official value",""
"QCL","Crops and livestock products","804","Ukraine","5510","Production","0115","Barley","2021","2021","t","9437020","A","Official value",""
"QCL","Crops and livestock products","804","Ukraine","5312","Area harvested","0115","Barley","2022","2022","ha","1740200","A","Official value",""
"QCL","Crops and livestock products","804","Ukraine","5412","Yield","0115","Barley","2022","2022","kg/ha","3222.7","A","Official value",""
"QCL","Crops and livestock products","804","Ukraine","5510","Production","0115","Barley","2022","2022","t","5608170","A","Official value",""
"QCL","Crops and livestock products","804","Ukraine","5312","Area harvested","0115","Barley","2023","2023","ha","1494300","A","Official value",""
"QCL","Crops and livestock products","804","Ukraine","5412","Yield","0115","Barley","2023","2023","kg/ha","3685.5","A","Official value",""
"QCL","Crops and livestock products","804","Ukraine","5510","Production","0115","Barley","2023","2023","t","5507190","A","Official value",""
"QCL","Crops and livestock products","804","Ukraine","5312","Area harvested","0115","Barley","2024","2024","ha","1398200","A","Official value",""
"QCL","Crops and livestock products","804","Ukraine","5412","Yield","0115","Barley","2024","2024","kg/ha","3800.5","A","Official value",""
"QCL","Crops and livestock products","804","Ukraine","5510","Production","0115","Barley","2024","2024","t","5313880","A","Official value",""
"QCL","Crops and livestock products","804","Ukraine","5312","Area harvested","0112","Maize (corn)","2014","2014","ha","4626900","A","Official value",""
"QCL","Crops and livestock products","804","Ukraine","5412","Yield","0112","Maize (corn)","2014","2014","kg/ha","6158.9","A","Official value",""
"QCL","Crops and livestock products","804","Ukraine","5510","Production","0112","Maize (corn)","2014","2014","t","28496810","A","Official value",""
"QCL","Crops and livestock products","804","Ukraine","5312","Area harvested","0112","Maize (corn)","2015","2015","ha","4083500","A","Official value",""
"QCL","Crops and livestock products","804","Ukraine","5412","Yield","0112","Maize (corn)","2015","2015","kg/ha","5712.6","A","Official value",""
"QCL","Crops and livestock products","804","Ukraine","5510","Production","0112","Maize (corn)","2015","2015","t","23327570","A","Official value",""
"QCL","Crops and livestock products","804","Ukraine","5312","Area harvested","0112","Maize (corn)","2016","2016","ha","4252200","A","Official value",""
"QCL","Crops and livestock products","804","Ukraine","5412","Yield","0112","Maize (corn)","2016","2016","kg/ha","6602.4","A","Official value",""
"QCL","Crops and livestock products","804","Ukraine","5510","Production","0112","Maize (corn)","2016","2016","t","28074610","A","Official value",""
"QCL","Crops and livestock products","804","Ukraine","5312","Area harvested","0112","Maize (corn)","2017","2017","ha","4480700","A","Official value",""
"QCL","Crops and livestock products","804","Ukraine","5412","Yield","0112","Maize (corn)","2017","2017","kg/ha","5505.6","A","Official value",""
"QCL","Crops and livestock products","804","Ukraine","5510","Production","0112","Maize (corn)","2017","2017","t","24668750","A","Official value",""
"QCL","Crops and livestock products","804","Ukraine","5312","Area harvested","0112","Maize (corn)","2018","2018","ha","4564200","A","Official value",""
"QCL","Crops and livestock products","804","Ukraine","5412","Yield","0112","Maize (corn)","2018","2018","kg/ha","7843.9","A","Official value",""
"QCL","Crops and livestock products","804","Ukraine","5510","Production","0112","Maize (corn)","2018","2018","t","35801050","A","Official value",""
"QCL","Crops and livestock products","804","Ukraine","5312","Area harvested","0112","Maize (corn)","2019","2019","ha","4986900","A","Official value",""
"QCL","Crops and livestock products","804","Ukraine","5412","Yield","0112","Maize (corn)","2019","2019","kg/ha","7194.9","A","Official value",""
"QCL","Crops and livestock products","804","Ukraine","5510","Production","0112","Maize (corn)","2019","2019","t","35880050","A","Official value",""
"QCL","Crops and livestock products","804","Ukraine","5312","Area harvested","0112","Maize (corn)","2020","2020","ha","5392100","A","Official value",""
"QCL","Crops and livestock products","804","Ukraine","5412","Yield","0112","Maize (corn)","2020","2020","kg/ha","5617.5","A","Official value",""
"QCL","Crops and livestock products","804","Ukraine","5510","Production","0112","Maize (corn)","2020","2020","t","30290340","A","Official value",""
"QCL","Crops and livestock products","804","Ukraine","5312","Area harvested","0112","Maize (corn)","2021","2021","ha","5481800","A","Official value",""
"QCL","Crops and livestock products","804","Ukraine","5412","Yield","0112","Maize (corn)","2021","2021","kg/ha","7681.8","A","Official value",""
"QCL","Crops and livestock products","804","Ukraine","5510","Production","0112","Maize (corn)","2021","2021","t","42109850","A","Official value",""
"QCL","Crops and livestock products","804","Ukraine","5312","Area harvested","0112","Maize (corn)","2022","2022","ha","4124500","A","Official value",""
"QCL","Crops and livestock products","804","Ukraine","5412","Yield","0112","Maize (corn)","2022","2022","kg/ha","6349.1","A","Official value",""
"QCL","Crops and livestock products","804","Ukraine","5510","Production","0112","Maize (corn)","2022","2022","t","26186930","A","Official value",""
"QCL","Crops and livestock products","804","Ukraine","5312","Area harvested","0112","Maize (corn)","2023","2023","ha","3975200","A","Official value",""
"QCL","Crops and livestock products","804","Ukraine","5412","Yield","0112","Maize (corn)","2023","2023","kg/ha","7806","A","Official value",""
"QCL","Crops and livestock products","804","Ukraine","5510","Production","0112","Maize (corn)","2023","2023","t","31030440","A","Official value",""
"QCL","Crops and livestock products","804","Ukraine","5312","Area harvested","0112","Maize (corn)","2024","2024","ha","4070500","A","Official value",""
"QCL","Crops and livestock products","804","Ukraine","5412","Yield","0112","Maize (corn)","2024","2024","kg/ha","6599.6","A","Official value",""
"QCL","Crops and livestock products","804","Ukraine","5510","Production","0112","Maize (corn)","2024","2024","t","26863740","A","Official value",""
"QCL","Crops and livestock products","804","Ukraine","5312","Area harvested","01445","Sunflower seed","2014","2014","ha","5212200","A","Official value",""
"QCL","Crops and livestock products","804","Ukraine","5412","Yield","01445","Sunflower seed","2014","2014","kg/ha","1944.2","A","Official value",""
"QCL","Crops and livestock products","804","Ukraine","5510","Production","01445","Sunflower seed","2014","2014","t","10133750","A","Official value",""
"QCL","Crops and livestock products","804","Ukraine","5312","Area harvested","01445","Sunflower seed","2015","2015","ha","5166200","A","Official value",""
"QCL","Crops and livestock products","804","Ukraine","5412","Yield","01445","Sunflower seed","2015","2015","kg/ha","2164.3","A","Official value",""
"QCL","Crops and livestock products","804","Ukraine","5510","Production","01445","Sunflower seed","2015","2015","t","11181120","A","Official value",""
"QCL","Crops and livestock products","804","Ukraine","5312","Area harvested","01445","Sunflower seed","2016","2016","ha","6086700","A","Official value",""
"QCL","Crops and livestock products","804","Ukraine","5412","Yield","01445","Sunflower seed","2016","2016","kg/ha","2238.8","A","Official value",""
"QCL","Crops and livestock products","804","Ukraine","5510","Production","01445","Sunflower seed","2016","2016","t","13626890","A","Official value",""
"QCL","Crops and livestock products","804","Ukraine","5312","Area harvested","01445","Sunflower seed","2017","2017","ha","6060700","A","Official value",""
"QCL","Crops and livestock products","804","Ukraine","5412","Yield","01445","Sunflower seed","2017","2017","kg/ha","2018.8","A","Official value",""
"QCL","Crops and livestock products","804","Ukraine","5510","Production","01445","Sunflower seed","2017","2017","t","12235520","A","Official value",""
"QCL","Crops and livestock products","804","Ukraine","5312","Area harvested","01445","Sunflower seed","2018","2018","ha","6166500","A","Official value",""
"QCL","Crops and livestock products","804","Ukraine","5412","Yield","01445","Sunflower seed","2018","2018","kg/ha","2297.1","A","Official value",""
"QCL","Crops and livestock products","804","Ukraine","5510","Production","01445","Sunflower seed","2018","2018","t","14165170","A","Official value",""
"QCL","Crops and livestock products","804","Ukraine","5312","Area harvested","01445","Sunflower seed","2019","2019","ha","5958900","A","Official value",""
"QCL","Crops and livestock products","804","Ukraine","5412","Yield","01445","Sunflower seed","2019","2019","kg/ha","2559.9","A","Official value",""
"QCL","Crops and livestock products","804","Ukraine","5510","Production","01445","Sunflower seed","2019","2019","t","15254120","A","Official value",""
"QCL","Crops and livestock products","804","Ukraine","5312","Area harvested","01445","Sunflower seed","2020","2020","ha","6480900","A","Official value",""
"QCL","Crops and livestock products","804","Ukraine","5412","Yield","01445","Sunflower seed","2020","2020","kg/ha","2022.9","A","Official value",""
"QCL","Crops and livestock products","804","Ukraine","5510","Production","01445","Sunflower seed","2020","2020","t","13110430","A","Official value",""
"QCL","Crops and livestock products","804","Ukraine","5312","Area harvested","01445","Sunflower seed","2021","2021","ha","6665100","A","Official value",""
"QCL","Crops and livestock products","804","Ukraine","5412","Yield","01445","Sunflower seed","2021","2021","kg/ha","2459.4","A","Official value",""
"QCL","Crops and livestock products","804","Ukraine","5510","Production","01445","Sunflower seed","2021","2021","t","16392410","A","Official value",""
"QCL","Crops and livestock products","804","Ukraine","5312","Area harvested","01445","Sunflower seed","2022","2022","ha","5238000","A","Official value",""
"QCL","Crops and livestock products","804","Ukraine","5412","Yield","01445","Sunflower seed","2022","2022","kg/ha","2162.8","A","Official value",""
"QCL","Crops and livestock products","804","Ukraine","5510","Production","01445","Sunflower seed","2022","2022","t","11328740","A","Official value",""
"QCL","Crops and livestock products","804","Ukraine","5312","Area harvested","01445","Sunflower seed","2023","2023","ha","5201600","A","Official value",""
"QCL","Crops and livestock products","804","Ukraine","5412","Yield","01445","Sunflower seed","2023","2023","kg/ha","2453","A","Official value",""
"QCL","Crops and livestock products","804","Ukraine","5510","Production","01445","Sunflower seed","2023","2023","t","12759690","A","Official value",""
"QCL","Crops and livestock products","804","Ukraine","5312","Area harvested","01445","Sunflower seed","2024","2024","ha","5028200","A","Official value",""
"QCL","Crops and livestock products","804","Ukraine","5412","Yield","01445","Sunflower seed","2024","2024","kg/ha","2178.9","A","Official value",""
"QCL","Crops and livestock products","804","Ukraine","5510","Production","01445","Sunflower seed","2024","2024","t","10955940","A","Official value",""
"QCL","Crops and livestock products","804","Ukraine","5312","Area harvested","0111","Wheat","2014","2014","ha","6010600","A","Official value",""
"QCL","Crops and livestock products","804","Ukraine","5412","Yield","0111","Wheat","2014","2014","kg/ha","4011.9","A","Official value",""
"QCL","Crops and livestock products","804","Ukraine","5510","Production","0111","Wheat","2014","2014","t","24113970","A","Official value",""
"QCL","Crops and livestock products","804","Ukraine","5312","Area harvested","0111","Wheat","2015","2015","ha","6839500","A","Official value",""
"QCL","Crops and livestock products","804","Ukraine","5412","Yield","0111","Wheat","2015","2015","kg/ha","3879.2","A","Official value",""
"QCL","Crops and livestock products","804","Ukraine","5510","Production","0111","Wheat","2015","2015","t","26532100","A","Official value",""
"QCL","Crops and livestock products","804","Ukraine","5312","Area harvested","0111","Wheat","2016","2016","ha","6205800","A","Official value",""
"QCL","Crops and livestock products","804","Ukraine","5412","Yield","0111","Wheat","2016","2016","kg/ha","4205.6","A","Official value",""
"QCL","Crops and livestock products","804","Ukraine","5510","Production","0111","Wheat","2016","2016","t","26098830","A","Official value",""
"QCL","Crops and livestock products","804","Ukraine","5312","Area harvested","0111","Wheat","2017","2017","ha","6377400","A","Official value",""
"QCL","Crops and livestock products","804","Ukraine","5412","Yield","0111","Wheat","2017","2017","kg/ha","4109.7","A","Official value",""
"QCL","Crops and livestock products","804","Ukraine","5510","Production","0111","Wheat","2017","2017","t","26208980","A","Official value",""
"QCL","Crops and livestock products","804","Ukraine","5312","Area harvested","0111","Wheat","2018","2018","ha","6619600","A","Official value",""
"QCL","Crops and livestock products","804","Ukraine","5412","Yield","0111","Wheat","2018","2018","kg/ha","3724.2","A","Official value",""
"QCL","Crops and livestock products","804","Ukraine","5510","Production","0111","Wheat","2018","2018","t","24652840","A","Official value",""
"QCL","Crops and livestock products","804","Ukraine","5312","Area harvested","0111","Wheat","2019","2019","ha","6825300","A","Official value",""
"QCL","Crops and livestock products","804","Ukraine","5412","Yield","0111","Wheat","2019","2019","kg/ha","4156.6","A","Official value",""
"QCL","Crops and livestock products","804","Ukraine","5510","Production","0111","Wheat","2019","2019","t","28370280","A","Official value",""
"QCL","Crops and livestock products","804","Ukraine","5312","Area harvested","0111","Wheat","2020","2020","ha","6564500","A","Official value",""
"QCL","Crops and livestock products","804","Ukraine","5412","Yield","0111","Wheat","2020","2020","kg/ha","3795","A","Official value",""
"QCL","Crops and livestock products","804","Ukraine","5510","Production","0111","Wheat","2020","2020","t","24912350","A","Official value",""
"QCL","Crops and livestock products","804","Ukraine","5312","Area harvested","0111","Wheat","2021","2021","ha","7099400","A","Official value",""
"QCL","Crops and livestock products","804","Ukraine","5412","Yield","0111","Wheat","2021","2021","kg/ha","4533.2","A","Official value",""
"QCL","Crops and livestock products","804","Ukraine","5510","Production","0111","Wheat","2021","2021","t","32183300","A","Official value",""
"QCL","Crops and livestock products","804","Ukraine","5312","Area harvested","0111","Wheat","2022","2022","ha","5281500","A","Official value",""
"QCL","Crops and livestock products","804","Ukraine","5412","Yield","0111","Wheat","2022","2022","kg/ha","3924.9","A","Official value",""
"QCL","Crops and livestock products","804","Ukraine","5510","Production","0111","Wheat","2022","2022","t","20729240","A","Official value",""
"QCL","Crops and livestock products","804","Ukraine","5312","Area harvested","0111","Wheat","2023","2023","ha","4658400","A","Official value",""
"QCL","Crops and livestock products","804","Ukraine","5412","Yield","0111","Wheat","2023","2023","kg/ha","4642.2","A","Official value",""
"QCL","Crops and livestock products","804","Ukraine","5510","Production","0111","Wheat","2023","2023","t","21625170","A","Official value",""
"QCL","Crops and livestock products","804","Ukraine","5312","Area harvested","0111","Wheat","2024","2024","ha","4883800","A","Official value",""
"QCL","Crops and livestock products","804","Ukraine","5412","Yield","0111","Wheat","2024","2024","kg/ha","4595","A","Official value",""
"QCL","Crops and livestock products","804","Ukraine","5510","Production","0111","Wheat","2024","2024","t","22441110","A","Official value",""
"QCL","Crops and livestock products","840","United States of America","5312","Area harvested","0115","Barley","2014","2014","ha","1010510","A","Official value",""
"QCL","Crops and livestock products","840","United States of America","5412","Yield","0115","Barley","2014","2014","kg/ha","3911.5","A","Official value",""
"QCL","Crops and livestock products","840","United States of America","5510","Production","0115","Barley","2014","2014","t","3952610","A","Official value",""
"QCL","Crops and livestock products","840","United States of America","5312","Area harvested","0115","Barley","2015","2015","ha","1258180","A","Official value",""
"QCL","Crops and livestock products","840","United States of America","5412","Yield","0115","Barley","2015","2015","kg/ha","3708.3","A","Official value",""
"QCL","Crops and livestock products","840","United States of America","5510","Production","0115","Barley","2015","2015","t","4665770","A","Official value",""
"QCL","Crops and livestock products","840","United States of America","5312","Area harvested","0115","Barley","2016","2016","ha","1038030","A","Official value",""
"QCL","Crops and livestock products","840","United States of America","5412","Yield","0115","Barley","2016","2016","kg/ha","4193.1","A","Official value",""
"QCL","Crops and livestock products","840","United States of America","5510","Production","0115","Barley","2016","2016","t","4352610","A","Official value",""
"QCL","Crops and livestock products","840","United States of America","5312","Area harvested","0115","Barley","2017","2017","ha","794000","A","Official value",""
"QCL","Crops and livestock products","840","United States of America","5412","Yield","0115","Barley","2017","2017","kg/ha","3928.3","A","Official value",""
"QCL","Crops and livestock products","840","United States of America","5510","Production","0115","Barley","2017","2017","t","3119070","A","Official value",""
"QCL","Crops and livestock products","840","United States of America","5312","Area harvested","0115","Barley","2018","2018","ha","802100","A","Official value",""
"QCL","Crops and livestock products","840","United States of America","5412","Yield","0115","Barley","2018","2018","kg/ha","4167.4","A","Official value",""
"QCL","Crops and livestock products","840","United States of America","5510","Production","0115","Barley","2018","2018","t","3342660","A","Official value",""
"QCL","Crops and livestock products","840","United States of America","5312","Area harvested","0115","Barley","2019","2019","ha","898820","A","Official value",""
"QCL","Crops and livestock products","840","United States of America","5412","Yield","0115","Barley","2019","2019","kg/ha","4178.5","A","Official value",""
"QCL","Crops and livestock products","840","United States of America","5510","Production","0115","Barley","2019","2019","t","3755720","A","Official value",""
"QCL","Crops and livestock products","840","United States of America","5312","Area harvested","0115","Barley","2020","2020","ha","895980","A","Official value",""
"QCL","Crops and livestock products","840","United States of America","5412","Yield","0115","Barley","2020","2020","kg/ha","4150.8","A","Official value",""
"QCL","Crops and livestock products","840","United States of America","5510","Production","0115","Barley","2020","2020","t","3719010","A","Official value",""
"QCL","Crops and livestock products","840","United States of America","5312","Area harvested","0115","Barley","2021","2021","ha","806950","A","Official value",""
"QCL","Crops and livestock products","840","United States of America","5412","Yield","0115","Barley","2021","2021","kg/ha","3253.7","A","Official value",""
"QCL","Crops and livestock products","840","United States of America","5510","Production","0115","Barley","2021","2021","t","2625600","A","Official value",""
"QCL","Crops and livestock products","840","United States of America","5312","Area harvested","0115","Barley","2022","2022","ha","981370","A","Official value",""
"QCL","Crops and livestock products","840","United States of America","5412","Yield","0115","Barley","2022","2022","kg/ha","3858.5","A","Official value",""
"QCL","Crops and livestock products","840","United States of America","5510","Production","0115","Barley","2022","2022","t","3786660","A","Official value",""
"QCL","Crops and livestock products","840","United States of America","5312","Area harvested","0115","Barley","2023","2023","ha","1033980","A","Official value",""
"QCL","Crops and livestock products","840","United States of America","5412","Yield","0115","Barley","2023","2023","kg/ha","3896.3","A","Official value",""
"QCL","Crops and livestock products","840","United States of America","5510","Production","0115","Barley","2023","2023","t","4028680","A","Official value",""
"QCL","Crops and livestock products","840","United States of America","5312","Area harvested","0115","Barley","2024","2024","ha","758790","A","Official value",""
"QCL","Crops and livestock products","840","United States of America","5412","Yield","0115","Barley","2024","2024","kg/ha","4127.2","A","Official value",""
"QCL","Crops and livestock products","840","United States of America","5510","Production","0115","Barley","2024","2024","t","3131660","A","Official value",""
"QCL","Crops and livestock products","840","United States of America","5312","Area harvested","0112","Maize (corn)","2014","2014","ha","33644310","A","Official value",""
"QCL","Crops and livestock products","840","United States of America","5412","Yield","0112","Maize (corn)","2014","2014","kg/ha","10732.6","A","Official value",""
"QCL","Crops and livestock products","840","United States of America","5510","Production","0112","Maize (corn)","2014","2014","t","361091140","A","Official value",""
"QCL","Crops and livestock products","840","United States of America","5312","Area harvested","0112","Maize (corn)","2015","2015","ha","32678310","A","Official value",""
"QCL","Crops and livestock products","840","United States of America","5412","Yield","0112","Maize (corn)","2015","2015","kg/ha","10572.3","A","Official value",""
"QCL","Crops and livestock products","840","United States of America","5510","Production","0112","Maize (corn)","2015","2015","t","345486340","A","Official value",""
"QCL","Crops and livestock products","840","United States of America","5312","Area harvested","0112","Maize (corn)","2016","2016","ha","35106050","A","Official value",""
"QCL","Crops and livestock products","840","United States of America","5412","Yield","0112","Maize (corn)","2016","2016","kg/ha","11743.3","A","Official value",""
"QCL","Crops and livestock products","840","United States of America","5510","Production","0112","Maize (corn)","2016","2016","t","412262180","A","Official value",""
"QCL","Crops and livestock products","840","United States of America","5312","Area harvested","0112","Maize (corn)","2017","2017","ha","33481220","A","Official value",""
"QCL","Crops and livestock products","840","United States of America","5412","Yield","0112","Maize (corn)","2017","2017","kg/ha","11083.7","A","Official value",""
"QCL","Crops and livestock products","840","United States of America","5510","Production","0112","Maize (corn)","2017","2017","t","371096030","A","Official value",""
"QCL","Crops and livestock products","840","United States of America","5312","Area harvested","0112","Maize (corn)","2018","2018","ha","32891580","A","Official value",""
"QCL","Crops and livestock products","840","United States of America","5412","Yield","0112","Maize (corn)","2018","2018","kg/ha","11074.6","A","Official value",""
"QCL","Crops and livestock products","840","United States of America","5510","Production","0112","Maize (corn)","2018","2018","t","364262150","A","Official value",""
"QCL","Crops and livestock products","840","United States of America","5312","Area harvested","0112","Maize (corn)","2019","2019","ha","32916270","A","Official value",""
"QCL","Crops and livestock products","840","United States of America","5412","Yield","0112","Maize (corn)","2019","2019","kg/ha","10510.4","A","Official value",""
"QCL","Crops and livestock products","840","United States of America","5510","Production","0112","Maize (corn)","2019","2019","t","345962110","A","Official value",""
"QCL","Crops and livestock products","840","United States of America","5312","Area harvested","0112","Maize (corn)","2020","2020","ha","33311250","A","Official value",""
"QCL","Crops and livestock products","840","United States of America","5412","Yield","0112","Maize (corn)","2020","2020","kg/ha","10760.5","A","Official value",""
"QCL","Crops and livestock products","840","United States of America","5510","Production","0112","Maize (corn)","2020","2020","t","358447310","A","Official value",""
"QCL","Crops and livestock products","840","United States of America","5312","Area harvested","0112","Maize (corn)","2021","2021","ha","34393800","A","Official value",""
"QCL","Crops and livestock products","840","United States of America","5412","Yield","0112","Maize (corn)","2021","2021","kg/ha","11091.2","A","Official value",""
"QCL","Crops and livestock products","840","United States of America","5510","Production","0112","Maize (corn)","2021","2021","t","381469380","A","Official value",""
"QCL","Crops and livestock products","840","United States of America","5312","Area harvested","0112","Maize (corn)","2022","2022","ha","31851130","A","Official value",""
"QCL","Crops and livestock products","840","United States of America","5412","Yield","0112","Maize (corn)","2022","2022","kg/ha","10886.3","A","Official value",""
"QCL","Crops and livestock products","840","United States of America","5510","Production","0112","Maize (corn)","2022","2022","t","346739460","A","Official value",""
"QCL","Crops and livestock products","840","United States of America","5312","Area harvested","0112","Maize (corn)","2023","2023","ha","35010950","A","Official value",""
"QCL","Crops and livestock products","840","United States of America","5412","Yield","0112","Maize (corn)","2023","2023","kg/ha","11130.6","A","Official value",""
"QCL","Crops and livestock products","840","United States of America","5510","Production","0112","Maize (corn)","2023","2023","t","389694460","A","Official value",""
"QCL","Crops and livestock products","840","United States of America","5312","Area harvested","0112","Maize (corn)","2024","2024","ha","33547180","A","Official value",""
"QCL","Crops and livestock products","840","United States of America","5412","Yield","0112","Maize (corn)","2024","2024","kg/ha","11256.8","A","Official value",""
"QCL","Crops and livestock products","840","United States of America","5510","Production","0112","Maize (corn)","2024","2024","t","377632690","A","Official value",""
"QCL","Crops and livestock products","840","United States of America","5312","Area harvested","01445","Sunflower seed","2014","2014","ha","611120","A","Official value",""
"QCL","Crops and livestock products","840","United States of America","5412","Yield","01445","Sunflower seed","2014","2014","kg/ha","1647","A","Official value",""
"QCL","Crops and livestock products","840","United States of America","5510","Production","01445","Sunflower seed","2014","2014","t","1006540","A","Official value",""
"QCL","Crops and livestock products","840","United States of America","5312","Area harvested","01445","Sunflower seed","2015","2015","ha","728200","A","Official value",""
"QCL","Crops and livestock products","840","United States of America","5412","Yield","01445","Sunflower seed","2015","2015","kg/ha","1821.2","A","Official value",""
"QCL","Crops and livestock products","840","United States of America","5510","Production","01445","Sunflower seed","2015","2015","t","1326180","A","Official value",""
"QCL","Crops and livestock products","840","United States of America","5312","Area harvested","01445","Sunflower seed","2016","2016","ha","619990","A","Official value",""
"QCL","Crops and livestock products","840","United States of America","5412","Yield","01445","Sunflower seed","2016","2016","kg/ha","1940","A","Official value",""
"QCL","Crops and livestock products","840","United States of America","5510","Production","01445","Sunflower seed","2016","2016","t","1202760","A","Official value",""
"QCL","Crops and livestock products","840","United States of America","5312","Area harvested","01445","Sunflower seed","2017","2017","ha","539780","A","Official value",""
"QCL","Crops and livestock products","840","United States of America","5412","Yield","01445","Sunflower seed","2017","2017","kg/ha","1796.4","A","Official value",""
"QCL","Crops and livestock products","840","United States of America","5510","Production","01445","Sunflower seed","2017","2017","t","969670","A","Official value",""
"QCL","Crops and livestock products","840","United States of America","5312","Area harvested","01445","Sunflower seed","2018","2018","ha","492670","A","Official value",""
"QCL","Crops and livestock products","840","United States of America","5412","Yield","01445","Sunflower seed","2018","2018","kg/ha","1939.9","A","Official value",""
"QCL","Crops and livestock products","840","United States of America","5510","Production","01445","Sunflower seed","2018","2018","t","955740","A","Official value",""
"QCL","Crops and livestock products","840","United States of America","5312","Area harvested","01445","Sunflower seed","2019","2019","ha","507280","A","Official value",""
"QCL","Crops and livestock products","840","United States of America","5412","Yield","01445","Sunflower seed","2019","2019","kg/ha","1749","A","Official value",""
"QCL","Crops and livestock products","840","United States of America","5510","Production","01445","Sunflower seed","2019","2019","t","887240","A","Official value",""
"QCL","Crops and livestock products","840","United States of America","5312","Area harvested","01445","Sunflower seed","2020","2020","ha","674090","A","Official value",""
"QCL","Crops and livestock products","840","United States of America","5412","Yield","01445","Sunflower seed","2020","2020","kg/ha","2007.2","A","Official value",""
"QCL","Crops and livestock products","840","United States of America","5510","Production","01445","Sunflower seed","2020","2020","t","1353020","A","Official value",""
"QCL","Crops and livestock products","840","United States of America","5312","Area harvested","01445","Sunflower seed","2021","2021","ha","502540","A","Official value",""
"QCL","Crops and livestock products","840","United States of America","5412","Yield","01445","Sunflower seed","2021","2021","kg/ha","1714.4","A","Official value",""
"QCL","Crops and livestock products","840","United States of America","5510","Production","01445","Sunflower seed","2021","2021","t","861550","A","Official value",""
"QCL","Crops and livestock products","840","United States of America","5312","Area harvested","01445","Sunflower seed","2022","2022","ha","647300","A","Official value",""
"QCL","Crops and livestock products","840","United States of America","5412","Yield","01445","Sunflower seed","2022","2022","kg/ha","1968.1","A","Official value",""
"QCL","Crops and livestock products","840","United States of America","5510","Production","01445","Sunflower seed","2022","2022","t","1273940","A","Official value",""
"QCL","Crops and livestock products","840","United States of America","5312","Area harvested","01445","Sunflower seed","2023","2023","ha","511330","A","Official value",""
"QCL","Crops and livestock products","840","United States of America","5412","Yield","01445","Sunflower seed","2023","2023","kg/ha","2002.8","A","Official value",""
"QCL","Crops and livestock products","840","United States of America","5510","Production","01445","Sunflower seed","2023","2023","t","1024070","A","Official value",""
"QCL","Crops and livestock products","840","United States of America","5312","Area harvested","01445","Sunflower seed","2024","2024","ha","277660","A","Official value",""
"QCL","Crops and livestock products","840","United States of America","5412","Yield","01445","Sunflower seed","2024","2024","kg/ha","1871.5","A","Official value",""
"QCL","Crops and livestock products","840","United States of America","5510","Production","01445","Sunflower seed","2024","2024","t","519640","A","Official value",""
"QCL","Crops and livestock products","840","United States of America","5312","Area harvested","0111","Wheat","2014","2014","ha","18771550","A","Official value",""
"QCL","Crops and livestock products","840","United States of America","5412","Yield","0111","Wheat","2014","2014","kg/ha","2937.8","A","Official value",""
"QCL","Crops and livestock products","840","United States of America","5510","Production","0111","Wheat","2014","2014","t","55147120","A","Official value",""
"QCL","Crops and livestock products","840","United States of America","5312","Area harvested","0111","Wheat","2015","2015","ha","19058470","A","Official value",""
"QCL","Crops and livestock products","840","United States of America","5412","Yield","0111","Wheat","2015","2015","kg/ha","2929.9","A","Official value",""
"QCL","Crops and livestock products","840","United States of America","5510","Production","0111","Wheat","2015","2015","t","55839540","A","Official value",""
"QCL","Crops and livestock products","840","United States of America","5312","Area harvested","0111","Wheat","2016","2016","ha","17744851","A","Official value",""
"QCL","Crops and livestock products","840","United States of America","5412","Yield","0111","Wheat","2016","2016","kg/ha","3540.8","A","Official value",""
"QCL","Crops and livestock products","840","United States of America","5510","Production","0111","Wheat","2016","2016","t","62831507","A","Official value",""
"QCL","Crops and livestock products","840","United States of America","5312","Area harvested","0111","Wheat","2017","2017","ha","15198130","A","Official value",""
"QCL","Crops and livestock products","840","United States of America","5412","Yield","0111","Wheat","2017","2017","kg/ha","3117.5","A","Official value",""
"QCL","Crops and livestock products","840","United States of America","5510","Production","0111","Wheat","2017","2017","t","47379810","A","Official value",""
"QCL","Crops and livestock products","840","United States of America","5312","Area harvested","0111","Wheat","2018","2018","ha","16030580","A","Official value",""
"QCL","Crops and livestock products","840","United States of America","5412","Yield","0111","Wheat","2018","2018","kg/ha","3200.5","A","Official value",""
"QCL","Crops and livestock products","840","United States of America","5510","Production","0111","Wheat","2018","2018","t","51305540","A","Official value",""
"QCL","Crops and livestock products","840","United States of America","5312","Area harvested","0111","Wheat","2019","2019","ha","15132980","A","Official value",""
"QCL","Crops and livestock products","840","United States of America","5412","Yield","0111","Wheat","2019","2019","kg/ha","3474.6","A","Official value",""
"QCL","Crops and livestock products","840","United States of America","5510","Production","0111","Wheat","2019","2019","t","52580890","A","Official value",""
"QCL","Crops and livestock products","840","United States of America","5312","Area harvested","0111","Wheat","2020","2020","ha","14888140","A","Official value",""
"QCL","Crops and livestock products","840","United States of America","5412","Yield","0111","Wheat","2020","2020","kg/ha","3341.7","A","Official value",""
"QCL","Crops and livestock products","840","United States of America","5510","Production","0111","Wheat","2020","2020","t","49751180","A","Official value",""
"QCL","Crops and livestock products","840","United States of America","5312","Area harvested","0111","Wheat","2021","2021","ha","15032210","A","Official value",""
"QCL","Crops and livestock products","840","United States of America","5412","Yield","0111","Wheat","2021","2021","kg/ha","2980.5","A","Official value",""
"QCL","Crops and livestock products","840","United States of America","5510","Production","0111","Wheat","2021","2021","t","44803690","A","Official value",""
"QCL","Crops and livestock products","840","United States of America","5312","Area harvested","0111","Wheat","2022","2022","ha","14360420","A","Official value",""
"QCL","Crops and livestock products","840","United States of America","5412","Yield","0111","Wheat","2022","2022","kg/ha","3126.5","A","Official value",""
"QCL","Crops and livestock products","840","United States of America","5510","Production","0111","Wheat","2022","2022","t","44897830","A","Official value",""
"QCL","Crops and livestock products","840","United States of America","5312","Area harvested","0111","Wheat","2023","2023","ha","15083610","A","Official value",""
"QCL","Crops and livestock products","840","United States of America","5412","Yield","0111","Wheat","2023","2023","kg/ha","3269.4","A","Official value",""
"QCL","Crops and livestock products","840","United States of America","5510","Production","0111","Wheat","2023","2023","t","49313930","A","Official value",""
"QCL","Crops and livestock products","840","United States of America","5312","Area harvested","0111","Wheat","2024","2024","ha","15568020","A","Official value",""
"QCL","Crops and livestock products","840","United States of America","5412","Yield","0111","Wheat","2024","2024","kg/ha","3446.2","A","Official value",""
"QCL","Crops and livestock products","840","United States of America","5510","Production","0111","Wheat","2024","2024","t","53650020","A","Official value",""
